,artist,name,album,release_date,length,popularity,danceability,acousticness,danceability,energy,instrumentalness,liveness,loudness,speechiness,valence,tempo,time_signature
1,Taylor Swift,Picture To Burn,Taylor Swift,2006-10-24,173066,64,0.658,0.173,0.658,0.877,0.0,0.0962,-2.098,0.0323,0.821,105.586,4
2,Taylor Swift,Our Song,Taylor Swift,2006-10-24,201106,68,0.668,0.111,0.668,0.672,0.0,0.329,-4.931,0.0303,0.539,89.011,4
3,Taylor Swift,Should've Said No,Taylor Swift,2006-10-24,242200,61,0.476,0.0103,0.476,0.777,0.0,0.196,-3.771,0.0289,0.472,167.964,4
4,Taylor Swift,Tim McGraw,Taylor Swift,2006-10-24,232106,62,0.58,0.575,0.58,0.491,0.0,0.121,-6.462,0.0251,0.425,76.009,4
5,Taylor Swift,A Place in this World,Taylor Swift,2006-10-24,199200,51,0.576,0.051,0.576,0.777,0.0,0.32,-2.881,0.0324,0.428,115.028,4
6,Taylor Swift,Cold As You,Taylor Swift,2006-10-24,239013,51,0.418,0.217,0.418,0.482,0.0,0.123,-5.769,0.0266,0.261,175.558,4
7,Taylor Swift,The Outside,Taylor Swift,2006-10-24,207106,48,0.589,0.00491,0.589,0.805,0.0,0.24,-4.055,0.0293,0.591,112.982,4
8,Taylor Swift,Tied Together with a Smile,Taylor Swift,2006-10-24,248106,49,0.479,0.525,0.479,0.578,0.0,0.0841,-4.963,0.0294,0.192,146.165,4
9,Taylor Swift,Stay Beautiful,Taylor Swift,2006-10-24,236053,50,0.594,0.0868,0.594,0.629,0.0,0.137,-4.919,0.0246,0.504,131.597,4
10,Taylor Swift,Mary's Song (Oh My My My),Taylor Swift,2006-10-24,213080,53,0.403,0.0177,0.403,0.627,0.0,0.182,-5.28,0.0292,0.374,74.9,4
11,Taylor Swift,I'm Only Me When I'm With You,Taylor Swift,2006-10-24,213053,53,0.563,0.00452,0.563,0.934,0.000807,0.103,-3.629,0.0646,0.518,143.964,4
12,Taylor Swift,Invisible,Taylor Swift,2006-10-24,203226,49,0.612,0.637,0.612,0.394,0.0,0.147,-5.723,0.0243,0.233,96.001,4
13,Taylor Swift,A Perfectly Good Heart,Taylor Swift,2006-10-24,220146,46,0.483,0.00349,0.483,0.751,0.0,0.128,-5.726,0.0365,0.268,156.092,4
14,Taylor Swift,Teardrops on My Guitar - Pop Version,Taylor Swift,2006-10-24,179066,50,0.459,0.0402,0.459,0.753,0.0,0.0863,-3.827,0.0537,0.483,199.997,4
15,Taylor Swift,Teardrops On My Guitar - Radio Single Remix,Taylor Swift,2006-10-24,203040,64,0.621,0.288,0.621,0.417,0.0,0.119,-6.941,0.0231,0.289,99.953,4
16,Taylor Swift,You Belong With Me,Fearless Platinum Edition,2008-11-11,231146,54,0.687,0.164,0.687,0.771,2.46E-05,0.112,-4.424,0.0384,0.445,129.964,4
17,Taylor Swift,White Horse,Fearless Platinum Edition,2008-11-11,234440,46,0.585,0.302,0.585,0.346,0.0,0.102,-8.014,0.0256,0.195,92.564,4
18,Taylor Swift,Fearless,Fearless Platinum Edition,2008-11-11,242000,47,0.598,0.0364,0.598,0.714,1.04E-06,0.31,-4.397,0.0273,0.467,99.979,4
19,Taylor Swift,Fifteen,Fearless Platinum Edition,2008-11-11,294346,47,0.559,0.0728,0.559,0.636,0.0,0.144,-4.4,0.0263,0.214,95.485,4
20,Taylor Swift,Jump Then Fall,Fearless Platinum Edition,2008-11-11,237066,46,0.618,0.111,0.618,0.687,0.0,0.0693,-5.737,0.0271,0.82,79.991,4
21,Taylor Swift,Untouchable,Fearless Platinum Edition,2008-11-11,311040,45,0.419,0.0583,0.419,0.454,3.78E-06,0.0974,-6.809,0.0335,0.288,200.017,4
22,Taylor Swift,Forever & Always - Piano Version,Fearless Platinum Edition,2008-11-11,267506,46,0.592,0.852,0.592,0.16,0.0,0.116,-10.785,0.0347,0.294,118.929,4
23,Taylor Swift,Come In With The Rain,Fearless Platinum Edition,2008-11-11,238106,44,0.527,0.0868,0.527,0.475,4.34E-06,0.248,-6.205,0.0258,0.224,143.962,4
24,Taylor Swift,SuperStar,Fearless Platinum Edition,2008-11-11,261453,42,0.61,0.367,0.61,0.531,0.0,0.351,-6.123,0.0239,0.228,85.979,4
25,Taylor Swift,The Other Side Of The Door,Fearless Platinum Edition,2008-11-11,237600,44,0.476,0.169,0.476,0.816,0.0,0.238,-4.279,0.0347,0.469,163.847,4
26,Taylor Swift,Hey Stephen,Fearless Platinum Edition,2008-11-11,254320,44,0.843,0.168,0.843,0.553,2.66E-06,0.107,-7.348,0.0317,0.825,115.997,4
27,Taylor Swift,Breathe,Fearless Platinum Edition,2008-11-11,263986,48,0.498,0.373,0.498,0.486,0.0,0.113,-7.384,0.0273,0.17,147.952,4
28,Taylor Swift,Tell Me Why,Fearless Platinum Edition,2008-11-11,200560,42,0.601,0.0606,0.601,0.852,3.41E-06,0.37,-3.096,0.0386,0.513,100.015,4
29,Taylor Swift,You're Not Sorry,Fearless Platinum Edition,2008-11-11,261800,44,0.459,0.13,0.459,0.459,2.3E-06,0.113,-4.126,0.0275,0.281,134.018,4
30,Taylor Swift,The Way I Loved You,Fearless Platinum Edition,2008-11-11,244240,46,0.436,0.0322,0.436,0.712,0.0,0.111,-3.689,0.0329,0.379,160.886,4
31,Taylor Swift,Forever & Always,Fearless Platinum Edition,2008-11-11,225333,46,0.605,0.0907,0.605,0.829,0.0,0.106,-4.993,0.0549,0.514,128.012,4
32,Taylor Swift,The Best Day,Fearless Platinum Edition,2008-11-11,245346,42,0.664,0.611,0.664,0.447,1E-06,0.139,-8.535,0.0292,0.364,126.079,4
33,Taylor Swift,Change,Fearless Platinum Edition,2008-11-11,281053,41,0.548,0.00471,0.548,0.756,0.0,0.117,-4.175,0.036,0.224,96.038,4
34,Taylor Swift,Last Christmas,The Taylor Swift Holiday Collection,2008-12-02,208253,43,0.702,0.31,0.702,0.77,0.0,0.149,-5.319,0.0372,0.685,116.009,4
35,Taylor Swift,Christmases When You Were Mine,The Taylor Swift Holiday Collection,2008-12-02,184253,35,0.625,0.646,0.625,0.206,0.0,0.0915,-12.568,0.0285,0.392,79.466,4
36,Taylor Swift,White Christmas,The Taylor Swift Holiday Collection,2008-12-02,154000,33,0.562,0.587,0.562,0.392,0.0,0.224,-9.014,0.0287,0.514,145.792,4
37,Taylor Swift,Santa Baby,The Taylor Swift Holiday Collection,2008-12-02,158600,35,0.759,0.159,0.759,0.509,0.0,0.153,-6.593,0.0271,0.75,107.948,4
38,Taylor Swift,Silent Night,The Taylor Swift Holiday Collection,2008-12-02,209893,35,0.423,0.621,0.423,0.311,0.0,0.0987,-7.581,0.0319,0.134,119.546,3
39,Taylor Swift,Christmas Must Be Something More,The Taylor Swift Holiday Collection,2008-12-02,232146,35,0.689,0.298,0.689,0.793,0.0,0.107,-4.838,0.0356,0.506,122.879,4
40,Various Artists,Crazier,Hannah Montana The Movie,2009-01-01,191946,65,0.452,0.0631,0.452,0.544,5.33E-06,0.104,-5.423,0.0277,0.158,133.042,3
41,Jonas Brothers,Should've Said No - The 3D Concert Experience,Music from the 3D Concert Experience,2009-01-01,253800,35,0.355,0.015,0.355,0.984,4.55E-06,0.875,-2.549,0.0672,0.338,168.133,4
42,Boys Like Girls,Two Is Better Than One (feat. Taylor Swift),Love Drunk,2009-09-07,242840,65,0.521,0.189,0.521,0.702,0.0,0.0962,-5.189,0.0331,0.25,127.976,4
43,Taylor Swift,Today Was A Fairytale - US Version,Today Was A Fairytale,2010-01-01,241813,43,0.485,0.0284,0.485,0.717,5.63E-06,0.14,-4.54,0.0321,0.356,158.047,4
44,Taylor Swift,Mean,Speak Now (Deluxe Edition),2010-10-25,237733,54,0.568,0.452,0.568,0.761,0.0,0.217,-3.987,0.0459,0.789,163.974,4
45,Taylor Swift,The Story Of Us,Speak Now (Deluxe Edition),2010-10-25,265666,55,0.543,0.00478,0.543,0.818,0.000368,0.0357,-3.611,0.0398,0.683,139.898,4
46,Taylor Swift,Speak Now,Speak Now (Deluxe Edition),2010-10-25,240760,53,0.709,0.095,0.709,0.599,0.0,0.0973,-3.734,0.0304,0.735,118.975,4
47,Taylor Swift,Ours,Speak Now (Deluxe Edition),2010-10-25,237920,56,0.608,0.537,0.608,0.569,0.0,0.097,-7.227,0.0284,0.238,159.845,4
48,Taylor Swift,Mine,Speak Now (Deluxe Edition),2010-10-25,230706,56,0.624,0.00265,0.624,0.757,1.87E-06,0.189,-2.94,0.0296,0.658,121.07,4
49,Taylor Swift,Sparks Fly,Speak Now (Deluxe Edition),2010-10-25,260933,57,0.605,0.0396,0.605,0.787,1.42E-06,0.163,-3.002,0.0308,0.374,114.987,4
50,Taylor Swift,Back To December,Speak Now (Deluxe Edition),2010-10-25,293026,56,0.529,0.117,0.529,0.67,0.0,0.334,-4.663,0.0303,0.286,141.893,4
51,Taylor Swift,Dear John,Speak Now (Deluxe Edition),2010-10-25,403920,60,0.589,0.166,0.589,0.47,1.45E-06,0.112,-5.32,0.028,0.102,119.386,3
52,Taylor Swift,Never Grow Up,Speak Now (Deluxe Edition),2010-10-25,290466,55,0.714,0.819,0.714,0.305,0.0,0.174,-8.837,0.0305,0.554,124.91,4
53,Taylor Swift,Enchanted,Speak Now (Deluxe Edition),2010-10-25,352186,55,0.455,0.0739,0.455,0.623,0.000424,0.146,-3.878,0.0288,0.208,163.893,4
54,Taylor Swift,Better Than Revenge,Speak Now (Deluxe Edition),2010-10-25,217160,64,0.516,0.0139,0.516,0.917,6.37E-06,0.36,-3.186,0.0827,0.635,145.821,4
55,Taylor Swift,Innocent,Speak Now (Deluxe Edition),2010-10-25,302253,49,0.552,0.186,0.552,0.608,0.0,0.125,-5.29,0.0259,0.17,134.05,4
56,Taylor Swift,Haunted,Speak Now (Deluxe Edition),2010-10-25,242080,55,0.436,0.0826,0.436,0.95,1.08E-06,0.149,-2.627,0.057,0.352,162.088,4
57,Taylor Swift,Last Kiss,Speak Now (Deluxe Edition),2010-10-25,367133,56,0.371,0.57,0.371,0.341,3.09E-05,0.101,-9.475,0.0319,0.196,89.038,1
58,Taylor Swift,Long Live,Speak Now (Deluxe Edition),2010-10-25,317453,54,0.418,0.036,0.418,0.68,7.59E-05,0.114,-4.3,0.0347,0.142,204.12,4
59,Taylor Swift,If This Was A Movie,Speak Now (Deluxe Edition),2010-10-25,234546,52,0.511,0.166,0.511,0.719,4.54E-06,0.34,-3.457,0.0265,0.289,147.852,4
60,Taylor Swift,Superman,Speak Now (Deluxe Edition),2010-10-25,275960,49,0.582,0.0268,0.582,0.765,1.95E-06,0.103,-3.648,0.0324,0.559,131.982,4
61,Taylor Swift,Back To December - Acoustic Version,Speak Now (Deluxe Edition),2010-10-25,292560,52,0.541,0.748,0.541,0.453,0.0,0.2,-6.459,0.0266,0.377,141.757,4
62,Taylor Swift,Haunted - Acoustic Version,Speak Now (Deluxe Edition),2010-10-25,217613,48,0.563,0.842,0.563,0.443,0.0,0.293,-5.078,0.0247,0.313,80.962,4
63,Taylor Swift,Mine - POP Mix,Speak Now (Deluxe Edition),2010-10-25,230333,46,0.695,0.00727,0.695,0.723,1.2E-06,0.1,-3.806,0.0285,0.679,121.011,4
64,Taylor Swift,Back To December/Apologize/You're Not Sorry - Live/2011/Medley,Speak Now World Tour Live,2010-10-25,362826,45,0.374,0.155,0.374,0.516,0.0,0.795,-8.745,0.0294,0.171,142.057,4
65,Taylor Swift,Bette Davis Eyes - Live/2011,Speak Now World Tour Live,2010-10-25,189146,43,0.327,0.713,0.327,0.488,0.0,0.837,-9.287,0.0322,0.363,104.46,4
66,Taylor Swift,I Want You Back - Live/2011,Speak Now World Tour Live,2010-10-25,83253,40,0.536,0.794,0.536,0.512,0.000122,0.497,-6.794,0.0341,0.249,97.397,4
67,Taylor Swift,Ours - Live/2011,Speak Now World Tour Live,2010-10-25,245973,41,0.421,0.715,0.421,0.355,0.0,0.867,-10.21,0.0298,0.267,77.769,4
68,Taylor Swift,Last Kiss - Live/2011,Speak Now World Tour Live,2010-10-25,369066,41,0.427,0.205,0.427,0.395,8.73E-06,0.701,-12.551,0.0291,0.188,79.517,3
69,Taylor Swift,Haunted - Live/2011,Speak Now World Tour Live,2010-10-25,292426,40,0.338,0.0245,0.338,0.818,0.0,0.889,-7.495,0.0496,0.177,162.157,4
70,Taylor Swift,Long Live - Live/2011,Speak Now World Tour Live,2010-10-25,376466,41,0.544,0.0053,0.544,0.728,0.0,0.865,-5.838,0.0282,0.204,101.939,4
71,Taylor Swift,Sparks Fly - Live/2011,Speak Now World Tour Live,2010-10-25,336826,43,0.455,0.00917,0.455,0.783,0.0,0.918,-5.184,0.0393,0.298,114.981,4
72,Taylor Swift,Mine - Live/2011,Speak Now World Tour Live,2010-10-25,259279,41,0.496,0.00233,0.496,0.852,0.0,0.554,-4.775,0.0373,0.442,120.969,4
73,Taylor Swift,The Story Of Us - Live,Speak Now World Tour Live,2010-10-25,290520,42,0.419,0.00048,0.419,0.908,0.0,0.815,-5.156,0.0651,0.472,139.813,4
74,Taylor Swift,Dear John - Live/2011,Speak Now World Tour Live,2010-10-25,404680,42,0.521,0.0157,0.521,0.386,0.0,0.884,-8.784,0.0301,0.138,119.518,3
75,Taylor Swift,Mean - Live/2011,Speak Now World Tour Live,2010-10-25,246373,41,0.429,0.154,0.429,0.915,0.0,0.693,-4.373,0.069,0.432,163.752,4
76,Taylor Swift,Better Than Revenge - Live/2011,Speak Now World Tour Live,2010-10-25,344573,42,0.445,0.00306,0.445,0.887,2.67E-05,0.931,-5.629,0.0768,0.386,145.954,4
77,Taylor Swift,Enchanted - Live/2011,Speak Now World Tour Live,2010-10-25,389213,42,0.34,0.0747,0.34,0.663,2.34E-06,0.563,-5.597,0.0331,0.214,163.678,4
78,Taylor Swift,Speak Now - Live/2011,Speak Now World Tour Live,2010-10-25,248146,41,0.615,0.0636,0.615,0.694,1.28E-06,0.83,-5.251,0.0318,0.373,118.876,4
79,Taylor Swift,Drops Of Jupiter - Live/2011,Speak Now World Tour Live,2010-10-25,315173,47,0.374,0.806,0.374,0.504,0.0,0.76,-8.407,0.0392,0.27,109.025,5
80,Various Artists,Safe & Sound - from The Hunger Games Soundtrack,The Hunger Games: Songs From District 12 And Beyond,2012-01-01,240066,65,0.471,0.883,0.471,0.3,1.05E-05,0.0698,-10.807,0.028,0.289,144.319,4
81,Various Artists,Eyes Open,The Hunger Games: Songs From District 12 And Beyond,2012-01-01,244586,50,0.598,0.00678,0.598,0.724,0.00182,0.0839,-7.225,0.0345,0.297,137.115,4
82,B.o.B,Both of Us (feat. Taylor Swift),Strange Clouds,2012-04-27,216120,56,0.677,0.0213,0.677,0.722,0.0,0.207,-7.088,0.0522,0.0483,125.091,4
83,Taylor Swift,Ronan,Ronan,2012-09-08,265306,48,0.565,0.646,0.565,0.255,0.0,0.127,-10.152,0.0314,0.174,57.964,4
84,Taylor Swift,We Are Never Ever Getting Back Together,Red (Deluxe Edition),2012-10-22,191880,60,0.628,0.00957,0.628,0.676,2.65E-05,0.102,-5.911,0.0916,0.75,85.984,4
85,Taylor Swift,I Knew You Were Trouble.,Red (Deluxe Edition),2012-10-22,217973,61,0.622,0.00454,0.622,0.469,2.25E-06,0.0398,-6.798,0.0363,0.679,77.019,4
86,Taylor Swift,22,Red (Deluxe Edition),2012-10-22,230133,63,0.658,0.00215,0.658,0.729,0.0013,0.0752,-6.561,0.0378,0.668,104.007,4
87,Taylor Swift,All Too Well,Red (Deluxe Edition),2012-10-22,327893,69,0.602,0.0382,0.602,0.609,0.0002,0.127,-7.803,0.0243,0.337,93.06,4
88,Taylor Swift,State Of Grace,Red (Deluxe Edition),2012-10-22,295186,60,0.588,0.000197,0.588,0.825,0.00138,0.0885,-5.882,0.0328,0.397,129.968,4
89,Taylor Swift,Red,Red (Deluxe Edition),2012-10-22,220826,62,0.602,0.0773,0.602,0.896,8.87E-05,0.091,-4.267,0.0437,0.641,124.978,4
90,Taylor Swift,Treacherous,Red (Deluxe Edition),2012-10-22,240773,59,0.705,0.101,0.705,0.621,4.3E-06,0.147,-8.086,0.0334,0.395,109.993,4
91,Taylor Swift,I Almost Do,Red (Deluxe Edition),2012-10-22,242573,59,0.567,0.0173,0.567,0.481,4.13E-05,0.182,-7.357,0.027,0.233,145.865,4
92,Taylor Swift,Stay Stay Stay,Red (Deluxe Edition),2012-10-22,204826,58,0.729,0.307,0.729,0.748,1.29E-06,0.09,-6.67,0.0245,0.928,99.981,4
93,Taylor Swift,The Last Time,Red (Deluxe Edition),2012-10-22,298293,59,0.505,0.035,0.505,0.443,3.15E-06,0.0921,-7.039,0.0276,0.123,94.069,4
94,Taylor Swift,Holy Ground,Red (Deluxe Edition),2012-10-22,201853,59,0.627,0.0162,0.627,0.816,0.00208,0.0966,-6.698,0.0774,0.648,157.043,4
95,Taylor Swift,Sad Beautiful Tragic,Red (Deluxe Edition),2012-10-22,283680,56,0.624,0.632,0.624,0.34,0.0337,0.121,-12.411,0.029,0.261,129.987,3
96,Taylor Swift,Everything Has Changed,Red (Deluxe Edition),2012-10-22,243933,58,0.624,0.36,0.624,0.458,3.89E-06,0.303,-6.755,0.0287,0.436,80.017,4
97,Taylor Swift,Starlight,Red (Deluxe Edition),2012-10-22,217826,57,0.649,0.0213,0.649,0.777,0.000335,0.221,-5.804,0.0406,0.587,126.018,4
98,Taylor Swift,Begin Again,Red (Deluxe Edition),2012-10-22,237613,57,0.53,0.199,0.53,0.526,3.52E-06,0.232,-8.349,0.0263,0.323,79.025,4
99,Taylor Swift,Come Back...Be Here,Red (Deluxe Edition),2012-10-22,222706,57,0.483,0.00471,0.483,0.548,2.01E-06,0.0997,-6.291,0.0254,0.217,79.926,4
100,Taylor Swift,Girl At Home,Red (Deluxe Edition),2012-10-22,220320,53,0.733,0.272,0.733,0.59,0.0,0.136,-5.86,0.0284,0.633,125.048,4
101,Taylor Swift,The Lucky One,Red (Deluxe Edition),2012-10-22,240133,58,0.706,0.0371,0.706,0.499,0.0,0.132,-7.675,0.0369,0.545,117.937,4
102,Taylor Swift,The Moment I Knew,Red (Deluxe Edition),2012-10-22,285560,56,0.62,0.187,0.62,0.506,1.47E-05,0.102,-7.327,0.0312,0.275,126.015,4
103,Taylor Swift,State Of Grace - Acoustic Version,Red (Deluxe Edition),2012-10-22,323080,54,0.626,0.664,0.626,0.118,0.000169,0.127,-15.91,0.0305,0.0682,105.597,4
104,Taylor Swift,Treacherous - Original Demo Recording,Red (Deluxe Edition),2012-10-22,239720,51,0.828,0.175,0.828,0.64,6.14E-05,0.0996,-8.248,0.0355,0.519,109.993,4
105,Taylor Swift,Red - Original Demo Recording,Red (Deluxe Edition),2012-10-22,226280,51,0.678,0.113,0.678,0.902,0.000235,0.0722,-4.659,0.0358,0.637,124.998,4
106,Tim McGraw,Highway Don't Care,Two Lanes Of Freedom (Accelerated Deluxe),2013-01-01,278453,40,0.477,0.0261,0.477,0.79,0.0,0.0841,-5.348,0.0394,0.505,157.797,4
107,Taylor Swift,"Sweeter Than Fiction - From ""One Chance"" Soundtrack",Sweeter Than Fiction,2013-10-21,237640,48,0.71,0.00164,0.71,0.614,0.000154,0.0785,-6.965,0.0366,0.673,135.012,4
108,Taylor Swift,Blank Space,1989 (Deluxe Edition),2014-10-27,231826,61,0.76,0.103,0.76,0.703,0.0,0.0913,-5.412,0.054,0.57,95.997,4
109,Taylor Swift,Shake It Off,1989 (Deluxe Edition),2014-10-27,219200,58,0.647,0.0647,0.647,0.8,0.0,0.334,-5.384,0.165,0.942,160.078,4
110,Taylor Swift,Style,1989 (Deluxe Edition),2014-10-27,231000,61,0.588,0.00245,0.588,0.791,0.00258,0.118,-5.595,0.0402,0.487,94.933,4
111,Taylor Swift,Out Of The Woods,1989 (Deluxe Edition),2014-10-27,235800,60,0.553,0.000743,0.553,0.841,1.19E-05,0.341,-6.937,0.0396,0.338,92.008,4
112,Taylor Swift,Wildest Dreams,1989 (Deluxe Edition),2014-10-27,220440,59,0.55,0.0692,0.55,0.688,0.00144,0.106,-7.416,0.0897,0.465,139.997,4
113,Taylor Swift,Welcome To New York,1989 (Deluxe Edition),2014-10-27,212600,55,0.789,0.0348,0.789,0.634,1.64E-06,0.302,-4.762,0.0323,0.658,116.992,4
114,Taylor Swift,All You Had To Do Was Stay,1989 (Deluxe Edition),2014-10-27,193293,57,0.605,0.00201,0.605,0.725,2.02E-05,0.101,-5.729,0.0323,0.539,96.97,4
115,Taylor Swift,I Wish You Would,1989 (Deluxe Edition),2014-10-27,207440,58,0.653,0.0158,0.653,0.893,4.95E-05,0.102,-5.966,0.0538,0.513,118.035,4
116,Taylor Swift,Bad Blood,1989 (Deluxe Edition),2014-10-27,211933,56,0.646,0.0885,0.646,0.794,6.16E-06,0.201,-6.104,0.19,0.287,170.216,4
117,Taylor Swift,How You Get The Girl,1989 (Deluxe Edition),2014-10-27,247533,58,0.765,0.00364,0.765,0.656,0.00868,0.0918,-6.112,0.0504,0.545,119.997,4
118,Taylor Swift,This Love,1989 (Deluxe Edition),2014-10-27,250093,57,0.481,0.678,0.481,0.435,0.0,0.0928,-8.795,0.0321,0.107,143.95,4
119,Taylor Swift,I Know Places,1989 (Deluxe Edition),2014-10-27,195706,58,0.602,0.245,0.602,0.755,0.0,0.178,-4.991,0.071,0.495,159.965,4
120,Taylor Swift,Clean,1989 (Deluxe Edition),2014-10-27,271000,60,0.815,0.232,0.815,0.377,0.0,0.1,-7.754,0.0346,0.211,103.97,4
121,Taylor Swift,Wonderland,1989 (Deluxe Edition),2014-10-27,245560,60,0.422,0.0493,0.422,0.692,2.57E-05,0.177,-5.447,0.0549,0.197,184.014,4
122,Taylor Swift,You Are In Love,1989 (Deluxe Edition),2014-10-27,267106,59,0.474,0.707,0.474,0.48,0.000108,0.0903,-8.894,0.0622,0.319,170.109,4
123,Taylor Swift,New Romantics,1989 (Deluxe Edition),2014-10-27,230466,65,0.633,0.00463,0.633,0.889,0.000458,0.0658,-5.87,0.0715,0.584,121.956,4
124,Various Artists,I Don’t Wanna Live Forever (Fifty Shades Darker),Fifty Shades Darker (Original Motion Picture Soundtrack),2017-02-10,245653,67,0.734,0.0594,0.734,0.442,1.63E-05,0.213,-8.432,0.0557,0.0973,117.967,4
125,Kenny Chesney,Big Star (with Taylor Swift) - Live,Live in No Shoes Nation,2017-10-27,306506,42,0.557,0.00761,0.557,0.978,2.42E-06,0.951,-4.819,0.0584,0.522,119.992,4
126,Taylor Swift,...Ready For It?,reputation,2017-11-10,208186,73,0.613,0.0527,0.613,0.764,0.0,0.197,-6.509,0.136,0.417,160.015,4
127,Taylor Swift,End Game,reputation,2017-11-10,244826,71,0.649,0.00845,0.649,0.589,0.0,0.108,-6.237,0.0558,0.151,159.073,4
128,Taylor Swift,Look What You Made Me Do,reputation,2017-11-10,211853,77,0.766,0.204,0.766,0.709,1.41E-05,0.126,-6.471,0.123,0.506,128.07,4
129,Taylor Swift,Delicate,reputation,2017-11-10,232253,77,0.75,0.216,0.75,0.404,0.000357,0.0911,-10.178,0.0682,0.0499,95.045,4
130,Taylor Swift,Getaway Car,reputation,2017-11-10,233626,75,0.562,0.00465,0.562,0.689,2.23E-06,0.0888,-6.745,0.127,0.351,172.054,4
131,Taylor Swift,Gorgeous,reputation,2017-11-10,209680,71,0.8,0.0713,0.8,0.535,9.48E-06,0.213,-6.684,0.135,0.451,92.027,4
132,Taylor Swift,I Did Something Bad,reputation,2017-11-10,238253,73,0.696,0.0679,0.696,0.602,2.11E-05,0.0696,-6.156,0.159,0.305,82.989,4
133,Taylor Swift,Don’t Blame Me,reputation,2017-11-10,236413,72,0.615,0.106,0.615,0.534,1.76E-05,0.0607,-6.719,0.0386,0.193,135.917,4
134,Taylor Swift,So It Goes...,reputation,2017-11-10,227906,65,0.574,0.122,0.574,0.61,1.1E-06,0.13,-7.283,0.0732,0.374,74.957,4
135,Taylor Swift,King Of My Heart,reputation,2017-11-10,214320,68,0.675,0.00882,0.675,0.703,2.21E-06,0.0391,-7.902,0.0382,0.314,110.01,4
136,Taylor Swift,Dancing With Our Hands Tied,reputation,2017-11-10,211506,67,0.624,0.0604,0.624,0.691,1.1E-05,0.138,-6.686,0.196,0.284,160.024,4
137,Taylor Swift,Dress,reputation,2017-11-10,230373,68,0.719,0.0329,0.719,0.469,0.0,0.169,-8.792,0.0533,0.0851,120.085,4
138,Taylor Swift,This Is Why We Can't Have Nice Things,reputation,2017-11-10,207133,68,0.567,0.0156,0.567,0.789,0.0,0.382,-5.986,0.115,0.438,163.96,4
139,Taylor Swift,Call It What You Want,reputation,2017-11-10,203506,70,0.598,0.186,0.598,0.504,0.000221,0.34,-9.874,0.0731,0.252,163.954,4
140,Taylor Swift,New Year’s Day,reputation,2017-11-10,235466,66,0.661,0.921,0.661,0.151,0.0,0.13,-12.864,0.0354,0.23,94.922,4
141,Taylor Swift,...Ready For It? - BloodPop® Remix,...Ready For It? (BloodPop® Remix),2017-12-01,189508,49,0.582,0.133,0.582,0.835,0.0,0.102,-4.899,0.222,0.496,160.09,4
142,Taylor Swift,Delicate - Recorded at The Tracking Room Nashville,Spotify Singles,2018-04-13,228460,51,0.664,0.577,0.664,0.447,0.0,0.0968,-8.404,0.0341,0.431,90.976,4
143,Taylor Swift,September - Recorded at The Tracking Room Nashville,Spotify Singles,2018-04-13,187823,54,0.641,0.412,0.641,0.444,0.00121,0.179,-6.482,0.0239,0.588,107.081,4
144,Taylor Swift,Delicate - Sawyr And Ryan Tedder Mix,Delicate (Sawyr And Ryan Tedder Mix),2018-05-25,184281,42,0.692,0.0242,0.692,0.552,0.000671,0.0955,-7.41,0.0407,0.247,102.001,4
145,Taylor Swift,Delicate - Seeb Remix,Delicate (Seeb Remix),2018-06-08,173265,59,0.68,0.0956,0.68,0.821,0.00315,0.0826,-3.77,0.041,0.571,105.986,4
146,Sugarland,Babe,Bigger,2018-06-08,215106,61,0.535,0.0187,0.535,0.777,1.62E-06,0.136,-3.292,0.207,0.664,171.72,4
147,Taylor Swift,You Need To Calm Down - Clean Bandit Remix,You Need To Calm Down (Clean Bandit Remix),2019-08-20,152773,53,0.726,0.072,0.726,0.88,0.000462,0.0906,-4.137,0.0581,0.739,95.037,4
148,Taylor Swift,The Man,Lover,2019-08-23,190360,76,0.777,0.0767,0.777,0.658,0.0,0.0901,-5.191,0.054,0.633,110.048,4
149,Taylor Swift,I Forgot That You Existed,Lover,2019-08-23,170640,73,0.664,0.298,0.664,0.316,2.03E-06,0.0812,-10.345,0.519,0.541,92.875,4
150,Taylor Swift,Cruel Summer,Lover,2019-08-23,178426,77,0.552,0.117,0.552,0.702,2.06E-05,0.105,-5.707,0.157,0.564,169.994,4
151,Taylor Swift,Lover,Lover,2019-08-23,221306,77,0.359,0.492,0.359,0.543,1.58E-05,0.118,-7.582,0.0919,0.453,68.534,4
152,Taylor Swift,The Man,Lover,2019-08-23,190360,76,0.777,0.0767,0.777,0.658,0.0,0.0901,-5.191,0.054,0.633,110.048,4
153,Taylor Swift,The Archer,Lover,2019-08-23,211240,68,0.292,0.12,0.292,0.574,0.00569,0.0663,-9.375,0.0401,0.166,124.344,4
154,Taylor Swift,I Think He Knows,Lover,2019-08-23,173386,69,0.897,0.00889,0.897,0.366,0.000353,0.0715,-8.029,0.0569,0.416,100.003,4
155,Taylor Swift,Miss Americana & The Heartbreak Prince,Lover,2019-08-23,234146,69,0.662,0.028,0.662,0.747,0.00615,0.138,-6.926,0.0736,0.487,150.088,4
156,Taylor Swift,Paper Rings,Lover,2019-08-23,222400,74,0.811,0.0129,0.811,0.719,1.36E-05,0.0742,-6.553,0.0497,0.865,103.979,4
157,Taylor Swift,Cornelia Street,Lover,2019-08-23,287266,70,0.824,0.781,0.824,0.624,0.000189,0.1,-9.728,0.0827,0.248,102.012,4
158,Taylor Swift,Death By A Thousand Cuts,Lover,2019-08-23,198533,70,0.712,0.454,0.712,0.732,0.0,0.319,-6.754,0.0629,0.313,94.071,4
159,Taylor Swift,London Boy,Lover,2019-08-23,190240,71,0.695,0.0246,0.695,0.71,0.000104,0.133,-6.639,0.05,0.557,157.925,4
160,Taylor Swift,Soon You’ll Get Better (feat. The Chicks),Lover,2019-08-23,201586,65,0.433,0.907,0.433,0.182,0.0,0.123,-12.566,0.0641,0.421,207.476,4
161,Taylor Swift,False God,Lover,2019-08-23,200306,67,0.739,0.736,0.739,0.32,0.000147,0.111,-10.862,0.239,0.351,79.97,4
162,Taylor Swift,You Need To Calm Down,Lover,2019-08-23,171360,80,0.771,0.00929,0.771,0.671,0.0,0.0637,-5.617,0.0553,0.714,85.026,4
163,Taylor Swift,Afterglow,Lover,2019-08-23,223293,68,0.756,0.13,0.756,0.449,0.0,0.114,-8.746,0.0344,0.399,111.011,4
164,Taylor Swift,ME! (feat. Brendon Urie of Panic! At The Disco),Lover,2019-08-23,193000,78,0.61,0.033,0.61,0.83,0.0,0.118,-4.105,0.0571,0.728,182.162,4
165,Taylor Swift,It’s Nice To Have A Friend,Lover,2019-08-23,150440,64,0.737,0.971,0.737,0.175,0.000337,0.171,-9.912,0.0401,0.545,70.008,4
166,Taylor Swift,Daylight,Lover,2019-08-23,293453,67,0.557,0.808,0.557,0.496,0.000173,0.0772,-9.602,0.0563,0.265,149.983,4
167,Taylor Swift,Lover (Remix) [feat. Shawn Mendes],Lover (Remix) [feat. Shawn Mendes],2019-11-13,221306,71,0.448,0.433,0.448,0.603,0.0,0.0862,-7.176,0.064,0.422,205.272,3
168,Taylor Swift,"Beautiful Ghosts - From The Motion Picture Soundtrack ""Cats""","Beautiful Ghosts (From The Motion Picture ""Cats"")",2019-11-15,261061,14,0.368,0.85,0.368,0.238,0.0,0.0974,-8.976,0.0599,0.239,187.051,3
169,Taylor Swift,Lover - First Dance Remix,Lover (First Dance Remix),2019-11-26,233466,52,0.506,0.687,0.506,0.425,1.08E-06,0.158,-8.198,0.0343,0.214,68.449,4
170,Taylor Swift,Christmas Tree Farm,Christmas Tree Farm,2019-12-06,228026,52,0.598,0.06,0.598,0.68,0.0,0.324,-4.505,0.0331,0.437,134.002,4
171,Taylor Swift,Only The Young - Featured in Miss Americana,Only The Young (Featured in Miss Americana),2020-01-31,157507,64,0.56,0.00244,0.56,0.78,0.0,0.0714,-4.895,0.0517,0.602,93.516,4
172,Taylor Swift,The Man - Live From Paris,The Man (Live From Paris),2020-02-18,219385,56,0.343,0.672,0.343,0.864,0.0,0.962,-5.871,0.0875,0.714,90.905,3
173,Taylor Swift,Daylight - Live From Paris,Daylight (Live From Paris),2020-05-17,262320,51,0.49,0.794,0.49,0.228,0.0,0.733,-10.504,0.0361,0.217,75.858,4
174,Taylor Swift,ME! - Live From Paris,ME! (Live From Paris),2020-05-17,213026,45,0.545,0.0428,0.545,0.935,0.000514,0.976,-6.584,0.0456,0.552,91.014,4
175,Taylor Swift,The Archer - Live From Paris,The Archer (Live From Paris),2020-05-17,210960,47,0.473,0.167,0.473,0.54,0.00213,0.858,-9.085,0.0425,0.0995,125.022,4
176,Taylor Swift,Death By A Thousand Cuts - Live From Paris,Death By A Thousand Cuts (Live From Paris),2020-05-17,199066,59,0.584,0.712,0.584,0.655,0.0,0.97,-5.551,0.0306,0.604,91.844,4
177,Taylor Swift,Daylight - Live From Paris,Daylight (Live From Paris),2020-05-17,262320,51,0.49,0.794,0.49,0.228,0.0,0.733,-10.504,0.0361,0.217,75.858,4
178,Taylor Swift,You Need To Calm Down - Live From Paris,You Need To Calm Down (Live From Paris),2020-05-17,203960,45,0.595,0.0637,0.595,0.832,2.25E-05,0.818,-6.467,0.0463,0.742,85.01,4
179,Taylor Swift,Lover - Live From Paris,Lover (Live From Paris),2020-05-17,229733,47,0.277,0.168,0.277,0.605,0.00246,0.954,-7.076,0.0398,0.479,68.541,4
180,Taylor Swift,Cornelia Street - Live From Paris,Cornelia Street (Live From Paris),2020-05-18,296013,62,0.502,0.578,0.502,0.462,0.0,0.721,-7.526,0.0265,0.304,97.085,4
181,Taylor Swift,Cornelia Street - Live From Paris,Cornelia Street (Live From Paris),2020-05-18,296013,62,0.502,0.578,0.502,0.462,0.0,0.721,-7.526,0.0265,0.304,97.085,4
182,Taylor Swift,cardigan,folklore,2020-07-24,239560,80,0.613,0.537,0.613,0.581,0.000345,0.25,-8.588,0.0424,0.551,130.033,4
183,Taylor Swift,exile (feat. Bon Iver),folklore,2020-07-24,285634,78,0.298,0.778,0.298,0.38,5.62E-05,0.11,-8.426,0.0287,0.152,75.602,4
184,Taylor Swift,betty,folklore,2020-07-24,294521,72,0.593,0.6,0.593,0.377,0.0,0.0976,-8.761,0.0253,0.502,95.939,4
185,Taylor Swift,august,folklore,2020-07-24,261922,75,0.532,0.538,0.532,0.623,7.28E-05,0.0925,-9.208,0.0331,0.403,89.937,4
186,Taylor Swift,this is me trying,folklore,2020-07-24,195097,70,0.515,0.314,0.515,0.476,4.74E-05,0.171,-9.843,0.0328,0.412,135.886,4
187,Taylor Swift,the 1,folklore,2020-07-24,210251,76,0.777,0.757,0.777,0.357,7.28E-06,0.108,-6.942,0.0522,0.172,139.883,4
188,Taylor Swift,the last great american dynasty,folklore,2020-07-24,230999,71,0.686,0.467,0.686,0.662,0.0023,0.109,-8.505,0.0413,0.706,147.922,4
189,Taylor Swift,my tears ricochet,folklore,2020-07-24,255893,71,0.456,0.806,0.456,0.263,0.0,0.0749,-10.63,0.0332,0.111,129.86,4
190,Taylor Swift,mirrorball,folklore,2020-07-24,208977,70,0.553,0.687,0.553,0.413,2.33E-06,0.0594,-10.037,0.0334,0.379,110.107,4
191,Taylor Swift,seven,folklore,2020-07-24,208906,69,0.596,0.9,0.596,0.488,2.7E-05,0.091,-10.769,0.0274,0.415,94.926,4
192,Taylor Swift,illicit affairs,folklore,2020-07-24,190898,70,0.559,0.881,0.559,0.31,0.0,0.106,-10.445,0.0338,0.46,119.845,4
193,Taylor Swift,invisible string,folklore,2020-07-24,252880,71,0.653,0.838,0.653,0.452,7.73E-05,0.108,-11.143,0.055,0.45,83.433,4
194,Taylor Swift,mad woman,folklore,2020-07-24,237258,67,0.592,0.655,0.592,0.699,1.68E-05,0.114,-8.995,0.0471,0.506,141.916,4
195,Taylor Swift,epiphany,folklore,2020-07-24,289749,67,0.354,0.731,0.354,0.267,0.000402,0.0858,-13.69,0.0281,0.113,94.219,4
196,Taylor Swift,peace,folklore,2020-07-24,234000,67,0.647,0.918,0.647,0.272,1.73E-05,0.0918,-12.906,0.0916,0.339,150.044,4
197,Taylor Swift,hoax,folklore,2020-07-24,220042,67,0.662,0.966,0.662,0.181,3.86E-06,0.133,-15.065,0.0415,0.429,118.819,4
198,Taylor Swift,cardigan - cabin in candlelight version,cardigan (cabin in candlelight version),2020-07-30,228000,60,0.652,0.9,0.652,0.237,0.0,0.0991,-8.364,0.0335,0.367,129.976,4
199,Taylor Swift,the lakes - bonus track,folklore (deluxe version),2020-08-18,211813,66,0.313,0.842,0.313,0.258,1.3E-06,0.0948,-11.532,0.0383,0.268,179.947,4
200,Taylor Swift,the 1 - the long pond studio sessions,folklore: the long pond studio sessions (from the Disney+ special) [deluxe edition],2020-11-25,219893,53,0.708,0.898,0.708,0.25,0.026,0.102,-10.731,0.0361,0.156,139.803,4
201,Taylor Swift,cardigan - the long pond studio sessions,folklore: the long pond studio sessions (from the Disney+ special) [deluxe edition],2020-11-25,230680,53,0.395,0.88,0.395,0.234,0.0,0.107,-9.704,0.0382,0.247,86.478,3
202,Taylor Swift,the last great american dynasty - the long pond studio sessions,folklore: the long pond studio sessions (from the Disney+ special) [deluxe edition],2020-11-25,232346,51,0.64,0.743,0.64,0.618,0.004,0.0574,-11.715,0.0379,0.614,147.948,4
203,Taylor Swift,exile (feat. Bon Iver) - the long pond studio sessions,folklore: the long pond studio sessions (from the Disney+ special) [deluxe edition],2020-11-25,279893,55,0.359,0.848,0.359,0.305,6.74E-05,0.111,-10.295,0.0306,0.108,151.956,4
204,Taylor Swift,my tears ricochet - the long pond studio sessions,folklore: the long pond studio sessions (from the Disney+ special) [deluxe edition],2020-11-25,295173,53,0.531,0.946,0.531,0.172,1.01E-05,0.0615,-12.34,0.0351,0.168,129.007,4
205,Taylor Swift,mirrorball - the long pond studio sessions,folklore: the long pond studio sessions (from the Disney+ special) [deluxe edition],2020-11-25,237373,51,0.509,0.78,0.509,0.386,3.45E-05,0.118,-8.434,0.0272,0.109,109.993,4
206,Taylor Swift,seven - the long pond studio sessions,folklore: the long pond studio sessions (from the Disney+ special) [deluxe edition],2020-11-25,208986,51,0.694,0.914,0.694,0.449,0.000126,0.1,-11.49,0.0301,0.363,94.963,4
207,Taylor Swift,august - the long pond studio sessions,folklore: the long pond studio sessions (from the Disney+ special) [deluxe edition],2020-11-25,260000,54,0.554,0.5,0.554,0.663,4.77E-05,0.791,-8.961,0.0324,0.545,89.977,4
208,Taylor Swift,this is me trying - the long pond studio sessions,folklore: the long pond studio sessions (from the Disney+ special) [deluxe edition],2020-11-25,209293,52,0.435,0.928,0.435,0.332,0.000898,0.0867,-11.611,0.031,0.157,68.097,3
209,Taylor Swift,illicit affairs - the long pond studio sessions,folklore: the long pond studio sessions (from the Disney+ special) [deluxe edition],2020-11-25,183720,51,0.489,0.883,0.489,0.235,0.0,0.113,-10.274,0.0356,0.435,117.699,4
210,Taylor Swift,invisible string - the long pond studio sessions,folklore: the long pond studio sessions (from the Disney+ special) [deluxe edition],2020-11-25,257359,50,0.59,0.942,0.59,0.282,4.85E-06,0.11,-10.542,0.0281,0.351,83.438,4
211,Taylor Swift,mad woman - the long pond studio sessions,folklore: the long pond studio sessions (from the Disney+ special) [deluxe edition],2020-11-25,238333,49,0.663,0.887,0.663,0.465,0.000168,0.109,-10.463,0.0408,0.346,141.834,4
212,Taylor Swift,epiphany - the long pond studio sessions,folklore: the long pond studio sessions (from the Disney+ special) [deluxe edition],2020-11-25,274880,48,0.524,0.916,0.524,0.2,0.000392,0.068,-13.004,0.0274,0.113,93.87,4
213,Taylor Swift,betty - the long pond studio sessions,folklore: the long pond studio sessions (from the Disney+ special) [deluxe edition],2020-11-25,290040,50,0.538,0.841,0.538,0.316,0.0,0.119,-9.5,0.0299,0.518,95.68,4
214,Taylor Swift,peace - the long pond studio sessions,folklore: the long pond studio sessions (from the Disney+ special) [deluxe edition],2020-11-25,214373,49,0.619,0.93,0.619,0.344,7.61E-05,0.0734,-11.472,0.0647,0.513,149.897,4
215,Taylor Swift,hoax - the long pond studio sessions,folklore: the long pond studio sessions (from the Disney+ special) [deluxe edition],2020-11-25,221800,50,0.682,0.962,0.682,0.155,0.0,0.18,-13.083,0.0394,0.483,118.832,4
216,Taylor Swift,the lakes - the long pond studio sessions,folklore: the long pond studio sessions (from the Disney+ special) [deluxe edition],2020-11-25,199733,51,0.606,0.794,0.606,0.221,0.0,0.0888,-11.767,0.0468,0.112,89.844,4
217,Taylor Swift,the 1 - the long pond studio sessions,folklore: the long pond studio sessions (from the Disney+ special) [deluxe edition],2020-11-25,219893,53,0.708,0.898,0.708,0.25,0.026,0.102,-10.731,0.0361,0.156,139.803,4
218,Taylor Swift,hoax - the long pond studio sessions,folklore: the long pond studio sessions (from the Disney+ special) [deluxe edition],2020-11-25,221800,50,0.682,0.962,0.682,0.155,0.0,0.18,-13.083,0.0394,0.483,118.832,4
219,Taylor Swift,willow - dancing witch version (Elvira remix),willow [dancing witch version (Elvira remix)],2020-12-13,184819,61,0.429,0.449,0.429,0.567,1.5E-05,0.536,-10.157,0.272,0.67,83.922,4
220,Taylor Swift,willow - lonely witch version,willow (lonely witch version),2020-12-15,214653,53,0.41,0.892,0.41,0.381,0.0,0.148,-9.083,0.0548,0.557,80.855,4
221,Taylor Swift,willow - moonlit witch version,willow (moonlit witch version),2020-12-16,208866,48,0.36,0.411,0.36,0.643,0.000241,0.136,-8.608,0.221,0.535,81.551,4
222,Taylor Swift,willow,evermore (deluxe version),2021-01-07,214706,66,0.392,0.833,0.392,0.574,0.00179,0.145,-9.195,0.17,0.529,81.112,4
223,Taylor Swift,champagne problems,evermore (deluxe version),2021-01-07,244000,67,0.462,0.92,0.462,0.24,0.0,0.113,-12.077,0.0377,0.32,171.319,4
224,Taylor Swift,gold rush,evermore (deluxe version),2021-01-07,185320,65,0.512,0.83,0.512,0.462,0.166,0.121,-10.491,0.0408,0.353,112.05,4
225,Taylor Swift,‘tis the damn season,evermore (deluxe version),2021-01-07,229840,65,0.575,0.735,0.575,0.434,6.59E-05,0.105,-8.193,0.0312,0.348,145.916,4
226,Taylor Swift,tolerate it,evermore (deluxe version),2021-01-07,245440,64,0.316,0.878,0.316,0.361,2.67E-05,0.0797,-10.381,0.0488,0.221,74.952,5
227,Taylor Swift,"no body, no crime (feat. HAIM)",evermore (deluxe version),2021-01-07,215626,64,0.546,0.418,0.546,0.613,0.0,0.103,-7.589,0.0264,0.535,79.015,4
228,Taylor Swift,happiness,evermore (deluxe version),2021-01-07,315146,63,0.559,0.87,0.559,0.334,0.0,0.114,-10.733,0.0376,0.211,122.079,4
229,Taylor Swift,dorothea,evermore (deluxe version),2021-01-07,225880,63,0.605,0.696,0.605,0.488,0.0,0.129,-8.322,0.0264,0.354,119.966,4
230,Taylor Swift,coney island (feat. The National),evermore (deluxe version),2021-01-07,275320,63,0.537,0.819,0.537,0.537,0.000904,0.142,-11.266,0.0617,0.292,107.895,4
231,Taylor Swift,ivy,evermore (deluxe version),2021-01-07,260440,64,0.515,0.855,0.515,0.545,1.97E-05,0.0921,-9.277,0.0353,0.535,88.856,4
232,Taylor Swift,cowboy like me,evermore (deluxe version),2021-01-07,275040,63,0.604,0.768,0.604,0.517,0.000155,0.123,-9.014,0.0347,0.511,127.967,4
233,Taylor Swift,long story short,evermore (deluxe version),2021-01-07,215920,63,0.546,0.66,0.546,0.73,0.179,0.0972,-7.704,0.0417,0.573,157.895,4
234,Taylor Swift,marjorie,evermore (deluxe version),2021-01-07,257773,62,0.535,0.876,0.535,0.561,0.000136,0.115,-11.609,0.0484,0.287,96.103,4
235,Taylor Swift,closure,evermore (deluxe version),2021-01-07,180653,61,0.689,0.835,0.689,0.704,4.83E-06,0.134,-10.813,0.245,0.92,151.884,5
236,Taylor Swift,evermore (feat. Bon Iver),evermore (deluxe version),2021-01-07,304106,63,0.39,0.937,0.39,0.27,0.00227,0.111,-10.673,0.0308,0.32,125.177,5
237,Taylor Swift,right where you left me - bonus track,evermore (deluxe version),2021-01-07,245026,70,0.581,0.769,0.581,0.619,0.000106,0.117,-6.524,0.0282,0.645,137.915,4
238,Taylor Swift,it’s time to go - bonus track,evermore (deluxe version),2021-01-07,254640,67,0.592,0.801,0.592,0.41,1.39E-05,0.09,-12.426,0.0397,0.416,151.923,4
239,Taylor Swift,Love Story (Taylor's Version) - Elvira Remix,Love Story (Taylor's Version) [Elvira Remix],2021-03-23,211857,64,0.669,0.00215,0.669,0.56,3.23E-05,0.264,-8.285,0.0352,0.155,123.068,4
240,Taylor Swift,Fearless (Taylor’s Version),Fearless (Taylor's Version),2021-04-09,241591,73,0.569,0.0122,0.569,0.741,0.0,0.333,-4.963,0.0282,0.43,100.118,4
241,Taylor Swift,Fifteen (Taylor’s Version),Fearless (Taylor's Version),2021-04-09,294419,70,0.559,0.116,0.559,0.646,0.0,0.32,-4.61,0.0272,0.289,95.466,4
242,Taylor Swift,Love Story (Taylor’s Version),Fearless (Taylor's Version),2021-04-09,235766,76,0.627,0.13,0.627,0.792,3.97E-06,0.0845,-4.311,0.031,0.415,119.054,4
243,Taylor Swift,Hey Stephen (Taylor’s Version),Fearless (Taylor's Version),2021-04-09,254254,70,0.788,0.106,0.788,0.571,0.0,0.0934,-6.135,0.0296,0.797,115.99,4
244,Taylor Swift,White Horse (Taylor’s Version),Fearless (Taylor's Version),2021-04-09,234515,69,0.423,0.369,0.423,0.517,0.0,0.177,-7.377,0.0486,0.366,185.262,4
245,Taylor Swift,You Belong With Me (Taylor’s Version),Fearless (Taylor's Version),2021-04-09,231124,76,0.632,0.0623,0.632,0.773,0.0,0.0885,-4.856,0.0346,0.474,130.033,4
246,Taylor Swift,Breathe (feat. Colbie Caillat) (Taylor’s Version),Fearless (Taylor's Version),2021-04-09,263377,68,0.506,0.156,0.506,0.626,0.0,0.228,-6.066,0.0287,0.321,148.035,4
247,Taylor Swift,Tell Me Why (Taylor’s Version),Fearless (Taylor's Version),2021-04-09,200575,67,0.578,0.0222,0.578,0.909,0.0,0.333,-3.669,0.0628,0.541,100.023,4
248,Taylor Swift,You’re Not Sorry (Taylor’s Version),Fearless (Taylor's Version),2021-04-09,261842,68,0.506,0.0538,0.506,0.444,0.0,0.123,-4.99,0.0285,0.241,133.873,4
249,Taylor Swift,The Way I Loved You (Taylor’s Version),Fearless (Taylor's Version),2021-04-09,243136,74,0.402,0.0033,0.402,0.732,0.0,0.108,-4.665,0.0484,0.472,161.032,4
250,Taylor Swift,Forever & Always (Taylor’s Version),Fearless (Taylor's Version),2021-04-09,225328,70,0.598,0.0231,0.598,0.821,0.0,0.143,-4.433,0.0447,0.673,128.03,4
251,Taylor Swift,The Best Day (Taylor’s Version),Fearless (Taylor's Version),2021-04-09,245290,66,0.642,0.488,0.642,0.576,0.0,0.159,-8.524,0.0282,0.469,125.0,4
252,Taylor Swift,Change (Taylor’s Version),Fearless (Taylor's Version),2021-04-09,279359,66,0.499,0.000191,0.499,0.815,0.0,0.181,-4.063,0.0341,0.344,95.999,4
253,Taylor Swift,Jump Then Fall (Taylor’s Version),Fearless (Taylor's Version),2021-04-09,237580,66,0.572,0.0474,0.572,0.69,0.0,0.0897,-6.201,0.0358,0.624,160.111,4
254,Taylor Swift,Untouchable (Taylor’s Version),Fearless (Taylor's Version),2021-04-09,312107,66,0.393,0.0181,0.393,0.531,0.0,0.169,-6.112,0.0329,0.224,200.391,4
255,Taylor Swift,Forever & Always (Piano Version) (Taylor’s Version),Fearless (Taylor's Version),2021-04-09,267833,66,0.546,0.819,0.546,0.273,0.0,0.137,-9.208,0.0308,0.271,118.753,4
256,Taylor Swift,Come In With The Rain (Taylor’s Version),Fearless (Taylor's Version),2021-04-09,237338,65,0.476,0.0406,0.476,0.564,0.0,0.102,-5.677,0.0269,0.167,143.929,4
257,Taylor Swift,Superstar (Taylor’s Version),Fearless (Taylor's Version),2021-04-09,263865,64,0.454,0.157,0.454,0.555,0.0,0.343,-6.69,0.0283,0.171,171.862,4
258,Taylor Swift,The Other Side Of The Door (Taylor’s Version),Fearless (Taylor's Version),2021-04-09,238443,67,0.432,0.0279,0.432,0.873,0.0,0.167,-4.367,0.0577,0.629,163.936,4
259,Taylor Swift,Today Was A Fairytale (Taylor’s Version),Fearless (Taylor's Version),2021-04-09,241822,66,0.482,0.0135,0.482,0.779,0.0,0.296,-5.025,0.0409,0.328,158.162,4
260,Taylor Swift,You All Over Me (feat. Maren Morris) (Taylor’s Version) (From The Vault),Fearless (Taylor's Version),2021-04-09,220839,68,0.599,0.816,0.599,0.494,0.0,0.101,-7.61,0.0372,0.44,142.893,4
261,Taylor Swift,Mr. Perfectly Fine (Taylor’s Version) (From The Vault),Fearless (Taylor's Version),2021-04-09,277591,79,0.66,0.162,0.66,0.817,0.0,0.0667,-6.269,0.0521,0.714,135.942,4
262,Taylor Swift,We Were Happy (Taylor’s Version) (From The Vault),Fearless (Taylor's Version),2021-04-09,244236,68,0.609,0.849,0.609,0.373,0.0,0.0779,-8.819,0.0263,0.13,106.007,4
263,Taylor Swift,That’s When (feat. Keith Urban) (Taylor’s Version) (From The Vault),Fearless (Taylor's Version),2021-04-09,189495,71,0.588,0.225,0.588,0.608,0.0,0.092,-7.062,0.0365,0.508,90.201,4
264,Taylor Swift,Don’t You (Taylor’s Version) (From The Vault),Fearless (Taylor's Version),2021-04-09,208608,69,0.563,0.514,0.563,0.473,1.2E-05,0.109,-11.548,0.0503,0.405,101.934,4
265,Taylor Swift,Bye Bye Baby (Taylor’s Version) (From The Vault),Fearless (Taylor's Version),2021-04-09,242157,68,0.624,0.334,0.624,0.624,0.0,0.0995,-7.86,0.0539,0.527,80.132,4